subject,day,start,end,room,instructor,recurrence,group
Mathematics I,Monday,09:00,10:00,R101,Dr. Rao,weekly,AIML-1-A
Physics for Engineers,Monday,10:00,11:00,R101,Dr. Iyer,weekly,AIML-1-A
Programming in C,Monday,11:15,12:15,Lab1,Prof. Khan,weekly,AIML-1-A
English for Communication,Tuesday,09:00,10:00,R101,Ms. Das,weekly,AIML-1-A
Mathematics I,Tuesday,10:00,11:00,R101,Dr. Rao,weekly,AIML-1-A
Engineering Graphics,Tuesday,11:15,13:15,Drawing Hall,Mr. Patel,weekly,AIML-1-A
Chemistry for Engineers,Wednesday,09:00,10:00,R101,Dr. Nair,weekly,AIML-1-A
Programming in C,Wednesday,10:00,11:00,Lab1,Prof. Khan,weekly,AIML-1-A
Physics for Engineers,Wednesday,11:15,12:15,R101,Dr. Iyer,weekly,AIML-1-A
Mathematics I,Thursday,09:00,10:00,R101,Dr. Rao,weekly,AIML-1-A
English for Communication,Thursday,10:00,11:00,R101,Ms. Das,weekly,AIML-1-A
Chemistry for Engineers Lab,Thursday,11:15,13:15,Chem Lab,Dr. Nair,weekly,AIML-1-A
Engineering Graphics,Friday,09:00,11:00,Drawing Hall,Mr. Patel,weekly,AIML-1-A
Programming in C Lab,Friday,11:15,13:15,Lab1,Prof. Khan,weekly,AIML-1-A
